Tariff item number,,,Description of goods,Product specific rules
Section I Live animals; animal products (chapter 1-5),,,,
Chapter 1,,,Live animals,CC
Chapter 2,,,Meat and edible meat offal,"CC, except from chapter 1"
Chapter 3,,,"Fish and crustaceans, molluscs and other Aquatic Invertebrates",CC
Chapter 4,,,"Dairy produce; birds’ eggs; natural honey; edible products of animal origin, not elsewhere specified or included",CC
Chapter 5,,,"Products of animal origin, not elsewhere specified or included",CC
Section II Vegetable products (chapter 6-14),,,,
Chapter 6,,,"Live trees and other plants; bulbs, roots and the like; cut flowers and
 ornamental foliage",CC
Chapter 7,,,Edible vegetables and certain roots and tubers,CC
Chapter 8,,,Edible fruit and nuts; peel of citrus fruit or melons,CC
Chapter 9,,,"Coffee, tea, maté and spices",
,9.01,,"Coffee, whether or not roasted or decaffeinated; coffee husks and skins; coffee substitutes containing coffee in any proportion.",
,,,"- Coffee, not roasted:",
,,901.11,-- Not decaffeinated,CC
,,901.12,-- Decaffeinated:,CC
,,,"- Coffee, roasted:",
,,901.21,-- Not decaffeinated,RVC 40%
,,901.22,-- Decaffeinated,RVC 40%
,,901.9,- Other,CC
,9.02,,"Tea, whether or not flavoured.",CC
,9.03,903,Maté,CC
,9.04,,Pepper of the genusPiper; dried or crushed or ground fruits of the genus Capsicum or the genus Pimenta.,
,,,- Pepper,
,,904.11,-- Neither crushed nor ground,CC
,,904.12,-- Crushed or ground,CTSH
,,904.2,"- Fruits of the genus Capsicumor of the genus Pimenta, dried or crushed or ground",CC
,9.05,905,Vanilla.,CC
,9.06,,Cinnamon and cinnamon-tree flowers.,
,,906.1,- Neither crushed nor ground,CC
,,,,
,,906.2,- Crushed or ground,CTSH
,9.07,907,"Cloves (whole fruit, cloves and stems).",CC
,9.08,,"Nutmeg, mace and cardamoms.",CC
,9.09,,"Seeds of anise, badian, fennel, coriander, cumin or caraway; juniper berries.",CC
,9.1,,"Ginger, saffron, turmeric (curcuma), thyme, bay leaves, curry and other spices.",
,,910.1,- Ginger,CC
,,910.2,- Saffron,CC
,,910.3,- Turmeric (curcuma),CC
,,910.4,- Thyme; bay leaves,CC
,,910.5,- Curry,CTSH
,,,- Other spices,
,,910.91,-- Mixtures referred to in Note 1(b) to this Chapter,CTSH
,,910.99,-- Other,CC
Chapter 10,,,Cereals,CC
Chapter 11,,,Productsof the milling industry; malt; starches; inulin; wheat gluten,
,11.01,1101,Wheat or meslin flour.,CC
,11.02,,Cereal flours other than of wheat or meslin.,CC
,11.03,,"Cereal groats, meal and pellets.",CC
,11.04,,"Cereal grains otherwise worked (for example, hulled, rolled, flaked, pearled, sliced or kibbled), except rice of heading 10.06; germ of cereals, whole, rolled, flaked or ground.",CC
,11.05,,"Flour, meal, powder, flakes, granules and pellets of potatoes.",
,,1105.1,"- Flour, meal and powder",CC except from chapter 7.
,,1105.2,"- Flakes, granules and pellets",CC except from chapter 7.
,11.06,,"Flour, meal and powder of the dried leguminous vegetables of heading 07.13, of sago or of roots or tubers of heading
 07.14 or of the products of Chapter 8.",
,,1106.1,- Of the dried leguminous vegetables of heading 07.13,CC
,,1106.2,"- Of sago or of roots or tubers of heading
 07.14",CC except from chapter 7.
,,1106.3,- Of the products of Chapter 8,CC except from chapter 8.
,11.07,,"Malt, whether or not roasted",CC
,11.08,,Starches; inulin.,CC
,11.09,1109,"Wheat gluten, whether or not dried.",CC
Chapter 12,,,"Oil seeds and oleaginous fruits; miscellaneous grains, seeds and fruit; industrial or medicinal plants; straw",CC
,,,,
,,,and fodder,
Chapter 13,,,"Lac; gums, resins and other vegetable saps and extracts",CC
Chapter 14,,,"Vegetable plaiting materials; vegetable products not elsewhere
 specified or included",CC
Section III Animal or vegetable fats and oils and their cleavage products; prepared edible fats; animal or vegetable waxes (chapter 15),,,,
Chapter 15,,,Animal or vegetable fats and oils and their cleavage products; prepared edible fats; animal or vegetable waxes,
,15.01,1501,"Pig fat (including lard) and poultry fat, other than that of heading 02.09 or 15.03.",CC
,15.02,1502,"Fats of bovine animals, sheep or goats, other than those of heading 15.03.",CC
,15.03,1503,"Lard stearin, lard oil, oleostearin, oleo-oil and tallow oil, not emulsified or mixed or otherwise prepared.",CC
,15.04,,"Fats and oils and their fractions, of fish or marine mammals, whether or not refined, but not chemically modified.",CC
,15.05,1505,Wool grease and fatty substances derived therefrom (including lanolin).,CC
,15.06,1506,"Other animal fats and oils and their fractions, whether or not refined, but not chemically modified.",CC
,15.07,,"Soya-bean oil and its fractions, whether or not refined, but not chemically modified.",CC
,15.08,,"Ground-nut oil and its fractions, whether or not refined, but not chemically modified.",
,,1508.1,- Crude oil,CC
,,1508.9,- Other,CTSH
,15.09,,"Olive oil and its fractions, whether or not refined, but not chemically modified:",
,,1509.1,- Virgin,CC
,,1509.9,- Other,CTSH
,15.1,1510,"Other oils and their fractions, obtained solely from olives, whether or not refined, but not chemically modified, including blends of these oils or fractions with oils or fractions of heading 15.09.",CC
,15.11,,"Palm oil and its fractions, whether or not refined, but not chemically modified.",CC
,15.12,,"Sunflower-seed, safflower or cotton-seed oil and fractions thereof, whether or not refined, but not",
,,,,
,,,chemically modified.,
,,,- Sunflower-seed or safflower oil and fractions thereof:,
,,1512.11,-- Crude oil,CC
,,1512.19,-- Other,CTSH
,,,- Cotton-seed oil and its fractions:,
,,1512.21,"-- Crude oil, whether or not gossypol has been removed",CC
,,1512.29,-- Other,CC
,15.13,,"Coconut (copra), palm kernel or babassu oil and fractions thereof, whether or not refined, but not chemically modified.",CC
,15.14,,"Rape, colza ormustard oil and fractions thereof, whether or not refined, but not chemically modified.",CC
,15.15,,"Other fixed vegetable fats and oils
 (including jojoba oil) and their fractions, whether or not refined, but not chemically modified.",CC
,15.16,,"Animal or vegetable fats and oils and their fractions, partly or wholly hydrogenated, inter-esterified, re-esterified or elaidinised, whether or not refined, but not further prepared.",CTH
,15.17,,"Margarine; edible mixtures or preparations of animal or vegetable fats or oils or of fractions of different fats or oils of this Chapter, other than edible fats or oils or their fractions of heading 15.16.",CTH
,15.18,1518,"Animal or vegetable fats and oils and their fractions, boiled, oxidised, dehydrated, sulphurised, blown, polymerised by heat in vacuum or in inert gas or otherwise chemically modified, excluding those of heading
 15.16; inedible mixtures or preparations of animal or vegetable fats or oils or of fractions of different fats or oils of this Chapter, not elsewhere specified or included.",CTH
,15.2,1520,"Glycerol, crude; glycerol waters and glycerol lyes.",CTH
,15.21,,"Vegetable waxes (other than triglycerides), beeswax, other insect waxes and spermaceti, whether or not refined or coloured.",CTH
,15.22,1522,Degras; residues resulting from the treatment of fatty substances or animal or vegetable waxes.,CTH
,,,,
"Section IV Prepared foodstuffs; beverages, spirits and vinegar; tobacco and
 manufactured tobacco substitutes (chapter 16-24)",,,,
Chapter 16,,,"Preparations of meat, of fish or of crustaceans, molluscs or other aquatic invertebrates",
,16.01,1610,"Sausages and similar products, of meat, meat offal or blood; food preparations based on these products.",CC except from chapter 1 or 2.
,16.02,,"Other prepared or preserved meat, meat offal or blood.",
,,1602.1,- Homogenised preparations,CC except from chapter 1 or 2.
,,1602.2,- Of liver of any animal:,CC
,,,- Of poultry of heading 01.05:,
,,1602.31,-- Of turkeys,CC except from chapter 1 or 2.
,,1602.32,"-- Of fowls of the species Gallus
 domesticus",CC
,,1602.39,-- Other,CC
,,,- Of swine:,
,,1602.41,-- Hams and cuts thereof,CC except from chapter 1 or 2.
,,1602.42,-- Shoulders and cuts thereof,CC except from chapter 1 or 2.
,,1602.49,"-- Other, including mixtures",CC except from chapter 1 or 2.
,,1602.5,- Of bovine animals,CC except from chapter 1 or 2.
,,1602.9,"- Other, including preparations of blood of any animal",CC
,16.03,1603,"Extracts and juices of meat, fish or crustaceans, molluscs or other aquatic invertebrates.",CC
,16.04,,Prepared or preserved fish; caviar and caviar substitutes prepared from fish eggs.,
,,,"- Fish, whole or in pieces, but not minced:",
,,1604.11,-- Salmon,CC except from chapter 3.
,,1604.12,-- Herrings,CC except from chapter 3.
,,1604.13,"-- Sardines, sardinella and brisling or sprats",CC
,,1604.14,"-- Tunas, skipjack and bonito (Sarda spp.)",CC except from chapter 3.
,,1604.15,-- Mackerel,CC except from chapter 3.
,,1604.16,-- Anchovies,CC except from chapter 3.
,,1604.19,-- Other,CC except from chapter 3.
,,,,
,,1604.2,- Other prepared or preserved fish,CC except from chapter 3.
,,1604.3,- Caviar and caviar substitutes,CC
,16.05,,"Crustaceans, molluscs and other aquatic invertebrates, prepared or
 preserved,",
,,1605.1,- Crab,CC except from chapter 3.
,,1605.2,- Shrimps and prawns,CC
,,1605.3,- Lobster,CC except from chapter 3.
,,1605.4,- Other crustaceans,CC
,,1605.9,- Other,CC except from chapter 3.
Chapter 17,,,Sugars and sugar confectionery,
,17.01,,"Cane or beet sugar and chemically pure sucrose, in solid form.",CC except from chapter 12.
,17.02,,"Other sugars, including chemically pure lactose, maltose, glucose and fructose, in solid form; sugar syrups not containing added flavouring or colouring matter; artificial honey, whether or not mixed with natural honey; caramel.",
,,,- Lactose and lactose syrup:,
,,1702.11,"-- Containing by weight 99% or more lactose, expressed as anhydrous lactose, calculated on the dry matter",CC except from chapter 4.
,,1702.19,-- Other,CC except from chapter 4.
,,1702.2,- Maple sugar and maple syrup,CC
,,1702.3,"- Glucose and glucose syrup, not containing fructose or containing in the dry state less than 20% by weight of fructose",CC except from chapter 11 or 12.
,,1702.4,"- Glucose and glucose syrup, containing in the dry state at least 20% but less than 50% by weight of fructose,
 excluding invert sugar",CC except from chapter 11 or 12.
,,1702.5,- Chemically pure fructose,CC except from chapter 11 or 12.
,,1702.6,"- Other fructose and fructose syrup, containing in the dry state more than 50% by weight of fructose, excluding invert sugar",CC except from chapter 11 or 12.
,,1702.9,"- Other, including invert sugar and other sugar and sugar syrup blends containing in the dry state 50% by
 weight of fructose",CC
,17.03,,Molasses resulting from the extraction or refining of sugar.,CC except from chapter 12.
,,,,
,17.04,,"Sugar confectionery (including white chocolate), not containing cocoa.",
,,1704.1,"- Chewing gum, whether of not
 sugar-coated",RVC 40%
,,1704.9,- Other,CC
Chapter 18,,,Cocoa and cocoa preparations,
,18.01,1801,"Cocoa beans, whole or broken, raw or roasted.",CC
,18.02,1802,"Cocoa shells, husks, skins and other cocoa waste.",CC
,18.03,,"Cocoa paste, whether or not defatted.",CC
,18.04,1804,"Cocoa butter, fat and oil.",CTH
,18.05,1805,"Cocoa powder, not containing added sugar or other sweetening matter.",CC
,18.06,,Chocolate and other food preparations containing cocoa.,CC
Chapter 19,,,"Preparations of cereals, flour, starch or milk; pastrycooks’ products",
,19.01,,"Malt extract; food preparations of flour, groats, meal, starch or malt extract, not containing cocoa or containing less than 40% by weight of cocoa calculated on a totally defatted basis, not elsewhere specified or included; food preparations of goods of headings 04.01 to 04.04, not containing cocoa or containing less than 5% by weight of cocoa calculated on a totally defatted basis, not elsewhere specified of included.",CC
,19.02,,"Pasta, whether or not cooked or stuffed (with meat or other substances) or otherwise prepared, such as spaghetti, macaroni, noodles, lasagna, gnocchi, ravioli, cannelloni; couscous, whether or not prepared.",CC
,19.03,1903,"Tapioca and substitutes therefor prepared from starch, in the form of flakes, grains, pearls, siftings or in similar forms.",CC except from chapter 11.
,19.04,,"Prepared foods obtained by the swelling or roasting of cereals or cereal products (for example, corn flakes); cereals (other than maize (corn)) in grain form or in the form of flakes or other worked grains (except flour, groats and meal), pre-cooked or otherwise prepared, not elsewhere specified or included.",CC
,19.05,,"Bread, pastry, cakes, biscuits and other bakers’ wares, whether or not containing cocoa; communion wafers,",
,,,,
,,,"empty cachets of a kind suitable for pharmaceutical use, sealing wafers, rice paper and similar products.",
,,1905.1,- Crispbread,CC
,,1905.2,- Gingerbread and the like,CC
,,,- Sweet biscuits; waffles and wafers:,
,,1905.31,-- Sweet biscuits,CC
,,1905.32,-- Waffles and wafers,CC
,,1905.4,"- Rusks, toasted bread and similar toasted products",CC
,,1905.9,- Other,CC except from heading 11.05.
Chapter 20,,,"Preparations of vegetables, fruit, nuts or other parts of plants",
,20.01,,"Vegetables, fruit, nuts and other edible parts of plants, prepared or preserved by vinegar or acetic acid.",CC except from chapter 7 or 8.
,20.02,,Tomatoes prepared or preserved otherwise than by vinegar or acetic acid.,CC except from chapter 7.
,20.03,,"Mushrooms and truffles, prepared or preserved otherwise than by vinegar or acetic acid.",CC except from chapter 7.
,20.04,,"Other vegetables prepared or preserved otherwise than by vinegar or acetic acid, frozen, other than products of heading 20.06.",CC except from chapter 7.
,20.05,,"Other vegetables prepared or preserved otherwise than by vinegar or acetic acid, not frozen, other than products of heading 20.06.",CC except from chapter 7.
,20.06,2006,"Vegetables, fruit, nuts, fruit-peel and other parts of plants, preserved by
 sugar (drained, glacé or crystallised).",CC except from chapter 7 or 8.
,20.07,,"Jams, fruit jellies, marmalades, fruit or nut purée and fruit or nut pastes, obtained by cooking, whether or not containing added sugar or other sweetening matter.",
,,2007.1,- Homogenised preparations,CC except from chapter 8.
,,,- Other,
,,2007.91,-- Citrus fruit,CC except from chapter 8.
,,2007.99,-- Other,CC except from chapter 7 or 8.
,20.08,,"Fruit, nuts and other edible parts of plants, otherwise prepared or preserved, whether or not containing added sugar or other sweetening matter or spirit, not elsewhere specified or",
,,,,
,,,included.,
,,,"- Nuts, ground-nuts and other seeds, whether or not mixed together",
,,2008.11,-- Ground-nuts,CC except from chapter 12.
,,2008.19,"-- Other, including mixtures",CC except from chapter 8.
,,2008.2,- Pineapples,CC except from chapter 8.
,,2008.3,- Citrus fruit,CC except from chapter 8.
,,2008.4,- Pears,CC except from chapter 8.
,,2008.5,- Apricots,CC except from chapter 8.
,,2008.6,- Cherries,CC except from chapter 8.
,,2008.7,"- Peaches, including nectarines",CC except from chapter 8.
,,2008.8,- Strawberries,CC except from chapter 8.
,,,"- Other, including mixtures other than those of subheading 2008.19",
,,2008.91,-- Palm hearts,CC except from chapter 8.
,,2008.92,-- Mixtures,CC except from chapter 8.
,,2008.99,-- Other,"CC except from ume of subheading 0810.90 and 0812.90, or taro of subheading
 0714.90."
,20.09,,"Fruit juices (including grape must) and vegetable juices, unfermented and not containing added spirit, whether or not containing added sugar or other sweetening matter.",CC
Chapter 21,,,Miscellaneous edible preparations,
,21.01,,"Extracts, essences and concentrates, of coffee, tea or matéand preparations with a basis of these products or with a basis of coffee, tea or maté; roasted chicory and other roasted coffee substitutes, and extracts, essences and concentrates thereof.",
,,,"- Extracts, essences and concentrates of coffee, and preparations with a basis of these extracts, essences or concentrates or with a basis of",
,,,,
,,,coffee:,
,,2101.11,"-- Extracts, essences and concentrates",CC
,,2101.12,"-- Preparations with a basis of extracts, essences or concentrates or with a basis of coffee",CC
,,2101.2,"- Extracts, essences and concentrates, of tea or maté, and preparations with a basis of these extracts, essences or concentrates or with a basis of tea or maté",CC
,,2101.3,"- Roasted chicory and other roasted coffee substitutes, and extracts, essences and concentrates thereof",CC except from chapter 10 or 19.
,21.02,,"Yeasts (active or inactive); other single-cell micro-organisms, dead (but not including vaccines of heading 30.02); prepared baking powders.",CC
,21.03,,Sauces and preparations therefor; mixed condiments and mixed seasonings; mustard flour and meal and prepared mustard.,
,,2103.1,- Soya sauce,CC
,,2103.2,- Tomato ketchup and other tomato sauces,CC except from chapter 7 or 20.
,,2103.3,- Mustard flour and meal and prepared mustard,CC
,,2103.9,- Other,CC
,21.04,,Soups and broths and preparations therefor; homogenized composite food preparations.,CC
,21.05,2105,"Ice cream and other edible ice, whether or not containing cocoa.",CC
,21.06,,Food preparations not elsewhere specified or included.,
,,2106.1,- Protein concentrates and textured protein substances,CC
,,2106.9,- Other,RVC 40%
Chapter 22,,,"Beverages, spirits and vinegar",
,22.01,,"Waters, including natural or artificial mineral waters and aerated waters, not containing added sugar or other sweetening matter nor flavoured; ice and snow.",CC
,22.02,,"Waters, including mineral waters and aerated waters, containing added sugar or other sweetening matter or flavoured, and other non-alcoholic beverages, not including fruit or vegetable juices of heading 20.09.",
,,2202.1,"- Waters, including mineral waters and aerated waters, containing added",CC
,,,,
,,,sugar or other sweetening matter or flavoured:,
,,2202.9,- Other,RVC 40%
,22.03,2203,Beer made from malt.,CTH
,22.04,,"Wine of fresh grapes, including fortified wines; grape must other than that of heading 20.09.",CC
,22.05,,Vermouth and other wine of fresh grapes flavoured with plants or aromatic substances.,CC
,22.06,2206,"Other fermented beverages (for example, cider, perry, mead); mixtures of fermented beverages and mixtures of fermented beverages and non-alcoholic beverages, not elsewhere specified or included.",CC
,22.07,,"Undenatured ethyl alcohol of an alcoholic strength by volume of 80% vol or higher; ethyl alcohol and other spirits, denatured, of any strength.",CC
,22.08,,"Undenatured ethyl alcohol of an alcoholic strength by volume of less than 80% vol; spirits, liqueurs and other spirituous beverages.",
,,2208.2,- Spirits obtained by distilling grape wine or grape marc,RVC 40% or CTH except from heading 22.07.
,,2208.3,- Whiskies,RVC 40% or CTH except from heading 22.07.
,,2208.4,- Rum and tafia,RVC 40% or CTH except from heading 22.07.
,,2208.5,- Gin and Geneva,RVC 40% or CTH except from heading 22.07.
,,2208.6,- Vodka,RVC 40% or CTH except from heading 22.07.
,,2208.7,- Liqueurs and cordials,RVC 40%or CTH except from heading 22.07.
,,2208.9,- Other,RVC 40% and CTH for sake compound or cooking sake
,,,,
,,,,"(Mirin). CC except from chapter 8 or 20 for beverage with a basis of fruits, of an alcoholic strength by volume of less than 1%). CTH except from heading 22.07 for any other good."
,22.09,2209,Vinegar and substitutes for vinegar obtained from acetic acid.,CC
Chapter 23,,,Residues and waste from the food industries; prepared animal fodder,
,23.01,,"Flours, meals and pellets, of meat or meat offal, of fish or of crustaceans, molluscs or other aquatic invertebrates, unfit for human consumption; greaves.",CTH
,23.02,,"Bran, sharps and other residues, whether or not in the form of pellets, derived from the sifting, milling or other working of cereals or of leguminous plants.",CTH
,23.03,,"Residues of starch manufacture and similar residues, beet-pulp, bagasse and other waste of sugar manufacture, brewing or distilling dregs and waste, whether or not in the form of pellets.",CTH
,23.04,2304,"Oil-cake and other solid residues, whether or not ground or in the form of pellets, resulting from the extraction of soya-bean oil.",CTH
,23.05,2305,"Oil-cake and other solid residues, whether or not ground or in the form of pellets, resulting from the extraction of ground-nut oil.",CTH
,23.06,,"Oil-cake and other solid residues, whether or not ground or in the form of pellets, resulting from the extraction of vegetable fats or oils, other than those of heading 23.04 or 23.05.",CTH
,23.07,2307,Wine lees; argol.,CTH
,23.08,2308,"Vegetable materials and vegetable waste, vegetable residues and by-products, whether or not in the form of pellets, of a kind used in animal feeding, not elsewhere specified or include.",CTH
,23.09,,Preparations of a kind used in animal feeding.,RVC 40%
Chapter 24,,,"Tobacco and manufactured tobacco
 substitutes",
,24.01,,Unmanufactured tobacco; tobacco refuse.,
,,,,
,,2401.1,"- Tobacco, not stemmed/stripped",CC
,,2401.2,"- Tobacco, partly or wholly
 stemmed/stripped",CC
,,2401.3,- Tobacco refuse,CTSH
,24.02,,"Cigars, cheroots, cigarillos and cigarettes, of tobacco or of tobacco substitutes.",CTH
,24.03,,Other manufactured tobacco and manufactured tobacco substitutes; “homogenised” or “reconstituted” tobacco; tobacco extracts and essences.,CTH
Section V Mineral products (chapter 25-27),,,,
Chapter 25,,,"Salt; sulphur; earths and stone; plastering materials, lime and cement",
,25.01,2501,"Salt (including table salt and denatured salt) and pure sodium chloride, whether or not in aqueous solution or containing added anti-caking or free-flowing agents; sea water.",CC
Section VI Products of the chemical or allied industries (chapter 28-38),,,,
Chapter 29,,,Organic chemicals,
,29.05,,"Acyclic alcohols and their halogenated, sulphonated, nitrated or nitrosated derivatives.",
,,,- Other polyhydric alcohols:,
,,2905.44,-- D-glucitol (sorbitol),CTH except from heading 17.02.
,29.06,,"Cyclic alcohols and their halogenated, sulphonated, nitrated or nitrosated derivatives.",
,,,"- Cyclanic, cyclenic or cycloterpenic:",
,,2906.11,-- Menthol,CC except from chapter 33.
,29.18,,"Carboxylic acids with additional oxygen function and their anhydrides, halides, peroxides and peroxyacids; their halogenated, sulphonated, nitrated or nitrosated derivatives.",
,,,"- Carboxylic acids with alcohol function but without other oxygen function, their anhydrides, halides, peroxides, peroxyacids and their derivatives:",
,,2918.14,-- Citric acid,CC except from chapter 17 or 23.
,,2918.15,-- Salts and esters of citric acid,CC except from chapter 17 or 23.
,,,,
,29.4,2940,"Sugars, chemically pure, other than sucrose, lactose, maltose, glucose and fructose; sugar ethers, sugar acetals and sugar esters, and their salts, other than products of heading 29.37, 29.38 or 29.39.",CTH except from heading 17.02.
Chapter 35,,,"Albuminoidal substances; modified
 starches; glues; enzymes",
,35.02,,"Albumins (including concentrates of two or more whey proteins, containing by weight more than 80% whey proteins, calculated on the dry matter), albuminates and other albumin derivatives.",
,,,- Egg albumin:,
,,3502.11,-- Dried,CC except from chapter 4.
,,3502.19,-- Other,CC except from chapter 4.
,,3502.2,"- Milk albumin, including concentrates of two or more whey proteins",CTH
,,3502.9,- Other,CTH
,35.03,3503,"Gelatin (including gelatin in rectangular (including square) sheets, whether or not surface-worked or coloured) and gelatin derivatives; isinglass; other glues of animal origin, excluding casein glues of heading 35.01.",CTH
,35.05,,"Dextrins and other modified starches
 (for example, pregelatinised or esterified starches); glues based on starches, or on dextrins or other modified starches.",CTH
Chapter 38,,,Miscellaneous chemical products,
,38.09,,"Finishing agents, dye carriers to accelerate the dyeing or fixing of dyestuffs and other products and preparations (for example, dressings and mordants), of a kind used in the textile, paper, leather or like industries, not elsewhere specified or included.",
,,3809.1,- With a basis of amylaceous substances,CTH except from heading 11.08 or 35.05.
,38.24,,"Prepared binders for foundry moulds or cores; chemical products and preparations of the chemical or allied industries (including those consisting of mixtures of natural products), not",
,,,,
,,,elsewhere specified or included.,
,,3824.6,"- Sorbitol other than that of
 subheading 2905.44",CTH except from heading 17.02.
"Section VIII Raw hides and skins, leather, furskins and articles thereof; saddlery and harness; travel goods, handbags and similar containers; articles of animal gut
 (other than silk-worm gut) (chapter 41-43)",,,,
Chapter 41,,,"Raw hides and skins(other than
 furskins) and leather",CC
Chapter 42,,,"Articles of leather; saddlery and harness; travel goods, handbags and similar containers; articles of animal gut (other than silk-worm gut)",CC
Chapter 43,,,"Furskins and artificial fur;
 manufactures thereof",
,43.01,,"Raw furskins (including heads, tails, paws and other pieces or cuttings, suitable for furriers’ use), other than raw hides and skins of heading 41.01, 41.02 or 41.03.",CC
,43.02,,"Tanned or dressed furskins (including heads, tails, paws and other pieces or cuttings), unassembled, or assembled(without the addition of other materials) other than those of heading 43.03.",CC
,43.03,,"Articles of apparel, clothing accessories and other articles of furskin.",
,,4303.1,"- Articles of apparel and clothing
 accessories",CTH except from heading 43.02.
,,4303.9,- Other,CC
,43.04,4304,Artificial fur and articles thereof.,CC
"Section IX Wood and articles of wood; wood charcoal; cork and articles of cork; manufactures of straw, of esparto or of other plaiting materials; basketware and wickerwork (chapter 44-46)",,,,
Chapter 44,,,Wood and articles of wood; wood charcoal,
,44.01,,"Fuel wood, in logs, in billets, in twigs, in faggots or in similar forms; wood in chips or particles; sawdust and wood waste and scrap, whether or not agglomerated in logs, briquettes, pellets or similar forms.",CTH
,44.02,4402,"Wood charcoal (including shell or nut charcoal), whether or not agglomerated.",CTH
,44.03,,"Wood in the rough, whether or not",CTH
,,,,
,,,"stripped of bark or sapwood, or roughly squared.",
,44.04,,"Hoopwood; split poles; piles, pickets and stakes of wood, pointed but not sawn lengthwise; wooden sticks, roughly trimmed but not turned, bent or otherwise worked, suitable for the manufacture of walking-sticks, umbrellas, tool handles or the like; chipwood and the like.",CTH
,44.05,4405,Wood wool; wood flour.,CTH
,44.06,,Railway or tramway sleepers (cross-ties) of wood.,CTH
,44.07,,"Wood sawn or chipped lengthwise, sliced or peeled, whether or not planed, sanded or end-jointed, of a thickness exceeding 6mm.",CTH
,44.08,,"Sheets for veneering (including those obtained by slicing laminated wood), for plywood or for other similar laminated wood and other wood, sawn lengthwise, sliced or peeled, whether or not planed, sanded, spliced or end-jointed, of a thickness not exceeding 6mm.",CTH
,44.09,,"Wood (including strips and friezes for parquet flooring, not assembled) continuously shaped (tongued, grooved, rebated, chamfered, V-jointed, beaded, moulded, rounded or the like) along any of its edges, ends or faces, whether or not planed, sanded or end-jointed.",CTH
,44.1,,"Particle board and similar board (for example, oriented strand board and waferboard) of wood or other ligneous materials, whether or not agglomerated with resins or other organic binding substances.",CTH
,44.11,,"Fibreboard of wood or other ligneous materials, whether or not bonded with resins or other organic substances.",CTH
,44.12,,"Plywood, veneered panels and similar laminated wood.",CTH except from heading 44.07 or 44.08.
,44.13,4413,"Densified wood, in blocks, plates, strips or profile shapes.",CTH
,44.14,4414,"Wooden frames for paintings, photographs, mirrors or similar objects.",CTH
,44.15,,"Packing cases, boxes, crates, drums and similar packings, of wood; cable-drums of wood; pallets, box palletsandother load boards, of wood; pallet",CTH
,,,,
,,,collars of wood.,
,44.16,4416,"Casks, barrels, vats, tubs and other coopers' products and parts thereof, of wood, including staves.",CTH
,44.17,4417,"Tools, tool bodies, tool handles, broom or brush bodies and handles, of wood; boot or shoe lasts and trees, of wood.",CTH
,44.18,,"Builders' joinery and carpentry ofwood, including cellular wood panels, assembled parquet panels, shingles and shakes.",CTH
,44.19,4419,"Tableware and kitchenware, of wood.",CTH
,44.2,,"Wood marquetry and inlaid wood; caskets and cases for jewellery or cutlery, and similar articles, of wood; statuettes and other ornaments, of wood; wooden articles of furniture not falling in
 Chapter 94.",CTH
,44.21,,Other articles of wood.,CTH
Chapter 46,,,"Manufactures of straw, of esparto or of other plaiting materials; basketware
 and wickerwork",
,46.01,,"Plaits and similar products of plaiting materials, whether or not assembled into strips; plaiting materials, plaits and similar products of plaiting materials, bound together in parallel strands or woven, in sheet form, whether or not being finished articles (for example, mats, matting, screens).",
,,4601.2,"- Mats, matting and screens of vegetablematerials","CC except from igusa of subheading
 1401.90."
,,,- Other:,
,,4601.91,-- Of vegetable materials,"CC except from igusa of subheading
 1401.90."
Section XI Textiles and textile articles (chapter 50-63)Note: See the note to this section,,,,
Chapter 50,,,Silk,
,50.01,5001,Silk-worm cocoons suitable for reeling.,CC
,50.02,5002,Raw silk (not thrown).,CTH
,50.03,,"Silk waste (including cocoons unsuitable for reeling, yarn waste and garnetted stock).",CTH
,50.04,5004,Silk yarn (other than yarn spun from silk waste) not put up for retail sale.,CTH
,50.05,5005,"Yarn spun from silk waste, not put up",CTH except
,,,,
,,,for retail sale.,from heading 50.06.
,50.06,5006,"Silk yarn and yarn spun from silk waste, put up for retail sale; silk-worm gut.",CTH except from heading 50.05.
,50.07,,Woven fabrics of silk or of silk waste.,"CTH, provided that, where non- originating materials of heading 50.04 through 50.06 are used, each of the non- originating materials is spun, or dyed or printed entirely in one or more of the Parties; or
 No required CTC, provided that the good is dyed or printed entirely and that the nonoriginating material of heading 50.07 is woven entirely in one or more of the Parties."
Chapter 51,,,"Wool, fine or coarse animal hair; horsehair yarn and woven fabric",
,51.01,,"Wool, not carded or combed.",CC
,51.02,,"Fine or coarse animal hair, not carded or combed.",CC
,51.03,,"Waste of wool or of fine or coarse animal hair, including yarn waste but excluding garnetted stock.",CC
,51.04,5104,Garnetted stock of wool or of fine or coarse animal hair.,CC
,51.05,,"Wool and fine or coarse animal hair, carded or combed (including combed wool in fragments).",CC
,51.06,,"Yarn of carded wool, not put up for retail sale.",CTH outside heading 51.06 through 51.10.
,51.07,,"Yarn of combed wool, not put up for retail sale.",
,,,,
,51.08,,"Yarn of fine animal hair (carded or combed), not put up for retail sale.",
,51.09,,"Yarn of wool or of fine animal hair, put up for retail sale.",
,51.1,5110,"Yarn of coarse animal hair or of horsehair (including gimped horsehair yarn), whether or not put up for retail sale.",
,51.11,,Woven fabrics of carded wool or of carded fine animal hair.,"CTH outside heading 51.11 through 51.13 provided that, where non- originating materials of heading 51.06 through 51.10 are used, each of the non- originating materials is spun, or dyed or printed entirely in one or more of the Parties; or
 No required CTC, provided that the good is dyed or printed entirely and that the nonoriginating material of heading 51.11 through 51.13 is woven entirely in one or more of the Parties."
,51.12,,Woven fabrics of combed wool or of combed fine animal hair.,
,51.13,5113,Woven fabrics of coarse animal hair or of horsehair.,
Chapter 52,,,Cotton,
,52.01,5201,"Cotton, not carded or combed.",CC
,52.02,,Cotton waste (including yarn waste and garnetted stock).,CC
,52.03,5203,"Cotton, carded or combed.",CC
,52.04,,"Cotton sewing thread, whether or not put up for retail sale.","CTH outside heading 52.04 through 52.07, provided that, where non- originating"
,52.05,,"Cotton yarn (other than sewing thread), containing 85% or more by weight of cotton, not put up for retail sale.",
,52.06,,"Cotton yarn (other than sewing thread),",
,,,,
,,,"containing less than 85% by weight of cotton, not put up for retail sale.","materials of heading 52.03 are used, each of the non- originating materials is carded or combed entirely in one or more of the Parties."
,52.07,,Cotton yarn (other than sewing thread) put up for retail sale.,
,52.08,,"Woven fabrics of cotton, containing 85% or more by weight of cotton, weighing not more than 200 g/m2.","CTH outside heading 52.08 through 52.12, provided that, where non- originating materials of heading 52.04 through 52.07 are used, each of the non- originating materials is spun, or dyed or printed entirely in one or more of the Parties; or
 No required CTC, provided that the good is dyed or printed entirely and that the nonoriginating material of heading 52.08 through 52.12 is woven entirely in one or more of the Parties."
,52.09,,"Woven fabrics of cotton, containing 85% or more by weight of cotton, weighing more than 200 g/m2.",
,52.1,,"Woven fabrics of cotton, containing less than 85% by weight of cotton, mixed mainly or solely with man-made fibres, weighing not more than 200 g/m2.",
,52.11,,"Woven fabrics of cotton, containing less than 85% by weight of cotton, mixed mainly or solely with man-made fibres, weighing more than 200 g/m2.",
,52.12,,Other woven fabrics of cotton.,
Chapter 53,,,Other vegetable textile fibres; paper yarn and woven fabrics of paper yarn,
,53.01,,"Flax, raw or processed but not spun; flax tow and waste (including yarn waste and garnetted stock).",CC
,53.02,,"True hemp (Cannabis sativa L.), raw or processed but not spun; tow and waste of true hemp (including yarn waste and",CC
,,,,
,,,garnetted stock).,
,53.03,,"Jute and other textile bast fibres (excluding flax, true hemp and ramie), raw or processed but not spun; tow and waste of these fibres (including yarn waste and garnetted stock).",CC
,53.04,,"Sisal and other textile fibres of the genus Agave, raw or processed but not spun; tow and waste of these fibres (including yarn waste and garnetted stock).",CC
,53.05,,"Coconut, abaca (Manila hemp or Musa textilis Nee), ramie and other vegetable textile fibres, not elsewhere specified or included, raw or processed but not spun; tow, noils and waste of these fibres (including yarn waste and garnetted stock).",CC
,53.06,,Flax yarn.,CTH outside heading 53.06 through 53.08.
,53.07,,Yarn of jute or of other textile bast fibres of heading 53.03.,
,53.08,,Yarn of other vegetable textile fibres; paper yarn.,
,53.09,,Woven fabrics of flax.,"CTH outside heading 53.09 through 53.11, provided that, where non- originating materials of heading 53.06 through 53.08 are used, each of the non- originating materials is spun, or dyed or printed entirely in one or more of the Parties; or
 No required CTC, provided that the good is dyed or printed entirely and that the nonoriginating material of heading 53.09 through 53.11"
,53.1,,Woven fabrics of jute or of other textile bast fibres of heading 53.03.,
,53.11,5311,Woven fabrics of other vegetable textile fibres; woven fabrics of paper yarn.,
,,,,
,,,,is woven entirely in one or more of the Parties.
Chapter 54,,,Man-made filaments,
,54.01,,"Sewing thread of man-made filaments, whether or not put up for retail sale.",CC
,54.02,,"Synthetic filament yarn (other than sewing thread), not put up for retail sale, including synthetic monofilament of less than 67 decitex.",CC
,54.03,,"Artificial filament yarn (other than sewing thread), not put up for retail sale, including artificial monofilament of less than 67 decitex.",CC
,54.04,,"Synthetic monofilament of 67 decitex or more and of which no cross-sectional dimension exceeds 1 mm; strip and the like (for example, artificial straw) of synthetic textile materials of an apparent width not exceeding 5mm.",CC
,54.05,5405,"Artificial monofilament of 67 decitex or more and of which no cross-sectional dimension exceeds 1 mm; strip and the like (for example, artificial straw) of artificial textile materials of an apparent width not exceeding 5mm.",CC
,54.06,,"Man-made filament yarn (other than sewing thread), put up for retail sale.",CC
,54.07,,"Woven fabrics of synthetic filament yarn, including woven fabrics obtained from materials of heading 54.04.","CTH outside heading 54.07 through 54.08, provided that, where non- originating materials of heading 54.01 through 54.06 are used, each of the non- originating materials is spun, or dyed or printed entirely in one or more of the Parties; or
 No required CTC, provided that the good is dyed or printed"
,54.08,,"Woven fabrics of artificial filament yarn, including woven fabrics obtained from materials of heading 54.05.",
,,,,
,,,,entirely and that the nonoriginating material of heading 54.07 through 54.08 is woven entirely in one or more of the Parties.
Chapter 55,,,Man-made staple fibres,
,55.01,,Synthetic filament tow.,CC except from heading 54.01 through 54.06.
,55.02,5502,Artificial filament tow.,CC except from heading 54.01 through 54.06.
,55.03,,"Synthetic staple fibres, not carded, combed or otherwise processed for spinning.",CC except from heading 54.01 through 54.06.
,55.04,,"Artificial staple fibres, not carded, combed or otherwise processed for spinning.",CC except from heading 54.01 through 54.06.
,55.05,,"Waste (including noils, yarn waste and garnetted stock) of man-made fibres.",CC except from heading 54.01 through 54.06.
,55.06,,"Synthetic staple fibres, carded, combed or otherwise processed for spinning.",CC except from heading 54.01 through 54.06.
,55.07,5507,"Artificial staple fibres, carded, combed or otherwise processed for spinning.",CC except from heading 54.01 through 54.06.
,55.08,,"Sewing thread of man-made staple fibres, whether or not put up for retail sale.","CTH outside heading 55.08 through 55.11, provided that, where non- originating materials of heading 55.06 through 55.07 are used, each of the non- originating materials is carded or combed entirely in one or more of the Parties."
,55.09,,"Yarn (other than sewing thread) of synthetic staple fibres, not put up for retail sale.",
,55.1,,"Yarn (other than sewing thread) of artificial staple fibres, not put up for retail sale.",
,55.11,,"Yarn (other than sewing thread) of man-made staple fibres, put up for retail sale.",
,55.12,,"Woven fabrics of synthetic staple fibres, containing 85% or more by weight of synthetic staple fibres.","CTH outside heading 55.12 through 55.16,"
,,,,
,55.13,,"Woven fabrics of synthetic staple fibres, containing less than 85% by weight of such fibres, mixed mainly or solely with cotton, of a weight not exceeding 170g/m２.","provided that, where non- originating materials of heading 55.08 through 55.11 are used, each of the non- originating materials is spun, or dyed or printed entirely in one or more of the Parties; or
 No required CTC, provided that the good is dyed or printed entirely and that the nonoriginating material of heading 55.12 through 55.16 is woven entirely in one or more of the Parties."
,55.14,,"Woven fabrics of synthetic staple fibres, containing less than 85% by weight of such fibres, mixed mainly or solely with cotton, of a weight exceeding 170g/m２.",
,55.15,,Other woven fabrics of synthetic staple fibres.,
,55.16,,Woven fabrics of artificial staple fibres.,
Chapter 56,,,"Wadding, felt and nonwovens; special yarns; twine, cordage, ropes and cables
 and articles thereof",
,56.01,,"Wadding of textile materials and articles thereof; textile fibres, not exceeding 5mm in length (flock), textile dust and mill neps.","CC except from heading 50.04 through 50.07, 51.06 through
 51.13, 52.04 through 52.12, 53.06 through
 53.11, 55.08 through 55.16 or chapter 54."
,56.02,,"Felt, whether or not impregnated, coated, covered or laminated.","CC except from heading 50.04 through 50.07, 51.06 through
 51.13, 52.04 through 52.12, 53.06 through
 53.11, 55.08 through 55.16"
,,,,
,,,,or chapter 54.
,56.03,,"Nonwovens, whether or not impregnated, coated, covered or laminated.",CC except from heading 55.08 through 55.16.
,56.04,,"Rubber thread and cord, textile covered; textile yarn, and strip and the like of heading 54.04 or 54.05, impregnated, coated, covered or sheathed with rubber or plastics.","CC, provided that, where non- originating materials of heading 50.04 through 50.06, 51.06 through
 51.10, 52.04 through 52.07, 53.06 through
 53.08, 54.01 through 54.06, or 55.08 through 55.11 are used, each of the non- originating materials is spun entirely in one or more of the
 Parties."
,56.05,5605,"Metallised yarn, whether or not gimped, being textile yarn, or strip or the like of heading 54.04 or 54.05, combined with metal in the form of thread, strip or powder or covered with metal.","CC, provided that, where non- originating materials of heading 50.04 through 50.06, 51.06 through
 51.10, 52.04 through 52.07, 53.06 through
 53.08, 54.01 through 54.06, or 55.08 through 55.11 are used, each of the non- originating materials is spun entirely in one or more of the
 Parties."
,56.06,5606,"Gimped yarn, and strip and the like of heading 54.04 or 54.05, gimped (other than those of heading 56.05 and gimped","CC, provided that, where non-"
,,,,
,,,horsehair yarn); chenille yarn (including flock chenille yarn); loop wale-yarn.,"originating materials of heading 50.04 through 50.06, 51.06 through
 51.10, 52.04 through 52.07, 53.06 through
 53.08, 54.01 through 54.06, or 55.08 through 55.11 are used, each of the non- originating materials is spun entirely in one or more of the
 Parties."
,56.07,,"Twine, cordage, ropes and cables, whether or not plaited or braided and whether or not impregnated, coated, covered or sheathed with rubber or plastics.","CC, provided that, where non- originating materials of heading 50.04 through 50.06, 51.06 through
 51.10, 52.04 through 52.07, 53.06 through
 53.08, 54.01 through 54.06, or 55.08 through 55.11 are used, each of the non- originating materials is spun entirely in one or more of the
 Parties."
,56.08,,"Knotted netting of twine, cordage or rope; made up fishing nets and other made up nets, of textile materials.","CC, provided that, where non- originating materials of heading 50.04 through 50.06, 51.06 through
 51.10, 52.04 through 52.07,"
,,,,
,,,,"53.06 through
 53.08, 54.01 through 54.06, or 55.08 through 55.11 are used, each of the non- originating materials is spun entirely in one or more of the
 Parties."
,56.09,5609,"Articles of yarn, strip or the like of heading 54.04 or 54.05, twine, cordage, rope or cables, not elsewhere specified or included.","CC, provided that, where non- originating materials of heading 50.04 through 50.06, 51.06 through
 51.10, 52.04 through 52.07, 53.06 through
 53.08, 54.01 through 54.06, or 55.08 through 55.11 are used, each of the non- originating materials is spun entirely in one or more of the
 Parties."
Chapter 57,,,Carpets and other textile floor coverings,"CC, except from heading 50.07, 51.11 through 51.13, 52.08 through
 52.12, 53.09 through 53.11,
 54.07 through
 54.08, or
 55.12 through 55.16, provided that, where non- originating materials of heading 50.04 through 50.06,"
,,,,
,,,,"51.06 through
 51.10, 52.04 through 52.07, 53.06 through
 53.08, 54.01 through 54.06, or 55.08 through 55.11 are used, each of the non- originating materials is spun entirely in one or more of the
 Parties."
Chapter 58,,,Special woven fabrics; tufted textile fabrics; lace; tapestries; trimmings; embroidery,"CC, provided that, where non- originating materials of heading 50.04 through 50.06, 51.06 through
 51.10, 52.04 through 52.07, 53.06 through
 53.08, 54.01 through 54.06, or 55.08 through 55.11 are used, each of the non- originating materials is spun entirely in one or more of the
 Parties."
Chapter 59,,,"Impregnated, coated, covered or laminated textile fabrics; textile articles of a kind suitable for
 industrial use",
,59.01,,"Textile fabrics coated with gum or amylaceous substances, of a kind used for the outer covers of books or the like; tracing cloth; prepared painting canvas; buckram and similar stiffened textile fabrics of a kind used for hat foundations.","CC, except from heading 50.07, 51.11 through 51.13, 52.08 through
 52.12, 53.09 through 53.11,
 54.07 through
 54.08, or
 55.12 through"
,,,,
,,,,55.16.
,59.02,,"Tyre cord fabric of high tenacity yarn of nylon or other polyamides, polyesters or viscose rayon.","CTH, except from heading 50.07, 51.11 through 51.13, 52.08 through
 52.12, 53.09 through 53.11,
 54.07 through
 54.08, or
 55.12 through 55.16, provided that, where non- originating materials of heading 50.04 through 50.06, 51.06 through
 51.10, 52.04 through 52.07, 53.06 through
 53.08, 54.01 through 54.06, or 55.08 through 55.11 are used, each of the non- originating materials is spun entirely in one or more of the
 Parties."
,59.03,,"Textile fabrics impregnated, coated, covered or laminated with plastics, other than those of heading 59.02.","CC, except from heading 50.07, 51.11 through 51.13, 52.08 through
 52.12, 53.09 through 53.11,
 54.07 through
 54.08, or
 55.12 through 55.16, provided that, where non- originating materials of heading 50.04 through 50.06, 51.06 through
 51.10, 52.04"
,,,,
,,,,"through 52.07, 53.06 through
 53.08, 54.01 through 54.06, or 55.08 through 55.11 are used, each of the non- originating materials is spun entirely in one or more of the
 Parties."
,59.04,,"Linoleum, whether or not cut to shape; floor coverings consisting of a coating or covering applied on a textile backing, whether or not cut to shape.","CC, except from heading 50.07, 51.11 through 51.13, 52.08 through
 52.12, 53.09 through 53.11,
 54.07 through
 54.08, or
 55.12 through 55.16, provided that, where non- originating materials of heading 50.04 through 50.06, 51.06 through
 51.10, 52.04 through 52.07, 53.06 through
 53.08, 54.01 through 54.06, or 55.08 through 55.11 are used, each of the non- originating materials is spun entirely in one or more of the
 Parties."
,59.05,5905,Textile wall coverings.,"CC, except from heading 50.07, 51.11 through 51.13, 52.08 through
 52.12, 53.09"
,,,,
,,,,"through 53.11,
 54.07 through
 54.08, or
 55.12 through 55.16, provided that, where non- originating materials of heading 50.04 through 50.06, 51.06 through
 51.10, 52.04 through 52.07, 53.06 through
 53.08, 54.01 through 54.06, or 55.08 through 55.11 are used, each of the non- originating materials is spun entirely in one or more of the
 Parties."
,59.06,,"Rubberised textile fabrics, other than those of heading 59.02.","CC, except from heading 50.07, 51.11 through 51.13, 52.08 through
 52.12, 53.09 through 53.11,
 54.07 through
 54.08, or
 55.12 through 55.16, provided that, where non- originating materials of heading 50.04 through 50.06, 51.06 through
 51.10, 52.04 through 52.07, 53.06 through
 53.08, 54.01 through 54.06, or 55.08 through 55.11 are used, each"
,,,,
,,,,"of the non- originating materials is spun entirely in one or more of the
 Parties."
,59.07,5907,"Textile fabrics otherwise impregnated, coated or covered; painted canvas being theatrical scenery, studio back-cloths or the like.","CC, except from heading 50.07, 51.11 through 51.13, 52.08 through
 52.12, 53.09 through 53.11,
 54.07 through
 54.08, or
 55.12 through 55.16, provided that, where non- originating materials of heading 50.04 through 50.06, 51.06 through
 51.10, 52.04 through 52.07, 53.06 through
 53.08, 54.01 through 54.06, or 55.08 through 55.11 are used, each of the non- originating materials is spun entirely in one or more of the
 Parties."
,59.08,5908,"Textile wicks, woven, plaited or knitted, for lamps, stoves, lighters, candles or the like; incandescent gas mantles and tubular knitted gas mantle fabric therefor, whether or not impregnated.","CC, except from heading 50.07, 51.11 through 51.13, 52.08 through
 52.12, 53.09 through 53.11,
 54.07 through
 54.08, or
 55.12 through 55.16, provided that, where non-"
,,,,
,,,,"originating materials of heading 50.04 through 50.06, 51.06 through
 51.10, 52.04 through 52.07, 53.06 through
 53.08, 54.01 through 54.06, or 55.08 through 55.11 are used, each of the non- originating materials is spun entirely in one or more of the
 Parties."
,59.09,5909,"Textile hosepiping and similar textile tubing, with or without lining, armour or accessories of other materials.","CC, except from heading 50.07, 51.11 through 51.13, 52.08 through
 52.12, 53.09 through 53.11,
 54.07 through
 54.08, or
 55.12 through 55.16, provided that, where non- originating materials of heading 50.04 through 50.06, 51.06 through
 51.10, 52.04 through 52.07, 53.06 through
 53.08, 54.01 through 54.06, or 55.08 through 55.11 are used, each of the non- originating materials is spun entirely in one or more of the
 Parties."
,,,,
,59.1,5910,"Transmission or conveyor belts or belting, of textile material, whether or not impregnated, coated, covered or laminated with plastics, or reinforced with metal or other material.","CTH, except from heading 50.07, 51.11 through 51.13, 52.08 through
 52.12, 53.09 through 53.11,
 54.07 through
 54.08, or
 55.12 through 55.16, provided that, where non- originating materials of heading 50.04 through 50.06, 51.06 through
 51.10, 52.04 through 52.07, 53.06 through
 53.08, 54.01 through 54.06, or 55.08 through 55.11 are used, each of the non- originating materials is spun entirely in one or more of the
 Parties."
,59.11,,"Textile products and articles, for technical uses, specified in Note 7 to this Chapter.","CC, except from heading 50.07, 51.11 through 51.13, 52.08 through
 52.12, 53.09 through 53.11,
 54.07 through
 54.08, or
 55.12 through 55.16, provided that, where non- originating materials of heading 50.04 through 50.06, 51.06 through
 51.10, 52.04 through 52.07,"
,,,,
,,,,"53.06 through
 53.08, 54.01 through 54.06, or 55.08 through 55.11 are used, each of the non- originating materials is spun entirely in one or more of the
 Parties."
Chapter 60,,,Knitted or crocheted fabrics,"CC, provided that, where non- originating materials of heading 50.04 through 50.06, 51.06 through
 51.10, 52.04 through 52.07, 53.06 through
 53.08, 54.01 through 54.06, or 55.08 through 55.11 are used, each of the non- originating materials is spun, or dyed or printed entirely in one or more of the Parties; or
 No required CTC, provided that the good is dyed or printed entirely and that the nonoriginating material of chapter 60 is knitted or crocheted entirely in one or more of the Parties."
,,,,
Chapter 61,,,"Articles of apparel and clothing accessories, knitted or crocheted","CC, provided that, where non- originating materials of heading 50.07, 51.11 through
 51.13, 52.08 through 52.12, 53.09 through
 53.11, 54.07 through 54.08. 55.12 through 55.16 or chapter 60 are used, each of the non- originating materials is knitted or crocheted entirely in one or more of the Parties."
Chapter 62,,,"Articles of apparel and clothing accessories, not knitted or crocheted",
,62.01,,"Men’s or boys’ overcoats, car-coats, capes, cloaks, anoraks (including ski-jackets), wind-cheaters, wind-jackets and similar articles, other than those of heading 62.03.","CC, provided that, where non- originating materials of heading 50.07, 51.11 through
 51.13, 52.08 through 52.12, 53.09 through
 53.11, 54.07 through 54.08, 55.12 through 55.16 or chapter 60 are used, each of the non- originating materials is woven entirely in one or more of the
 Parties."
,62.02,,"Women’s or girls’ overcoats, car-coats, capes, cloaks, anoraks
 (including ski-jackets),","CC, provided that, where non-"
,,,,
,,,"wind-cheaters, wind-jackets and similar articles, other than those of heading 62.04.","originating materials of heading 50.07, 51.11 through
 51.13, 52.08 through 52.12, 53.09 through
 53.11, 54.07 through 54.08, 55.12 through 55.16 or chapter 60 are used, each of the non- originating materials is woven entirely in one or more of the
 Parties."
,62.03,,"Men’s or boys’ suits, ensembles, jackets, blazers, trousers, bib and brace overalls, breeches and shorts
 (other than swimwear).","CC, provided that, where non- originating materials of heading 50.07, 51.11 through
 51.13, 52.08 through 52.12, 53.09 through
 53.11, 54.07 through 54.08, 55.12 through 55.16 or chapter 60 are used, each of the non- originating materials is woven entirely in one or more of the
 Parties."
,62.04,,"Women’s or girls’ suits, ensembles, jackets, blazers, dresses, skirts, divided skirts, trousers, bib and brace overalls, breeches and shorts (other than swimwear).","CC, provided that, where non- originating materials of heading 50.07, 51.11 through
 51.13, 52.08 through 52.12, 53.09 through"
,,,,
,,,,"53.11, 54.07 through 54.08, 55.12 through 55.16 or chapter 60 are used, each of the non- originating materials is woven entirely in one or more of the
 Parties."
,62.05,,Men’s or boys’ shirts.,"CC, provided that, where non- originating materials of heading 50.07, 51.11 through
 51.13, 52.08 through 52.12, 53.09 through
 53.11, 54.07 through 54.08, 55.12 through 55.16 or chapter 60 are used, each of the non- originating materials is woven entirely in one or more of the
 Parties."
,62.06,,"Women’s or girls’ blouses, shirts and shirt-blouses.","CC, provided that, where non- originating materials of heading 50.07, 51.11 through
 51.13, 52.08 through 52.12, 53.09 through
 53.11, 54.07 through 54.08, 55.12 through 55.16 or chapter 60 are used, each of the non-"
,,,,
,,,,"originating materials is woven entirely in one or more of the
 Parties."
,62.07,,"Men’s or boys’ singlets and other vests, underpants, briefs, nightshirts, pyjamas, bathrobes, dressing gowns and similar articles.","CC, provided that, where non- originating materials of heading 50.07, 51.11 through
 51.13, 52.08 through 52.12, 53.09 through
 53.11, 54.07 through 54.08, 55.12 through 55.16 or chapter 60 are used, each of the non- originating materials is woven entirely in one or more of the
 Parties."
,62.08,,"Women’s or girls’ singlets and other vests, slips, petticoats, briefs, panties, nightdresses, pyjamas, négligés,bathrobes, dressing gowns and similar articles.","CC, provided that, where non- originating materials of heading 50.07, 51.11 through
 51.13, 52.08 through 52.12, 53.09 through
 53.11, 54.07 through 54.08, 55.12 through 55.16 or chapter 60 are used, each of the non- originating materials is woven entirely in one or more of the
 Parties."
,,,,
,62.09,,Babies’ garments and clothing accessories.,"CC, provided that, where non- originating materials of heading 50.07, 51.11 through
 51.13, 52.08 through 52.12, 53.09 through
 53.11, 54.07 through 54.08, 55.12 through 55.16 or chapter 60 are used, each of the non- originating materials is woven entirely in one or more of the
 Parties."
,62.1,,"Garments, made up of fabrics of heading 56.02, 56.03, 59.03, 59.06 or 59.07.","CC, provided that, where non- originating materials of heading 50.07, 51.11 through
 51.13, 52.08 through 52.12, 53.09 through
 53.11, 54.07 through 54.08, 55.12 through 55.16 or chapter 60 are used, each of the non- originating materials is woven entirely in one or more of the
 Parties."
,62.11,,"Track suits, ski suits and swimwear; other garments.","CC, provided that, where non- originating materials of heading 50.07, 51.11 through"
,,,,
,,,,"51.13, 52.08 through 52.12, 53.09 through
 53.11, 54.07 through 54.08, 55.12 through 55.16 or chapter 60 are used, each of the non- originating materials is woven entirely in one or more of the
 Parties."
,62.12,,"Brassières, girdles, corsets, braces,suspenders, garters and similar articles and parts thereof, whether or not knitted or crocheted.","CC, provided that, where non- originating materials of heading50.07, 51.11 through
 51.13, 52.08 through 52.12, 53.09 through
 53.11, 54.07 through 54.08,
 55.12 through 55.16 or chapter 60 are used, each of the non- originating materials is woven, or knitted or crocheted entirely in one or more of the Parties."
,,,,
,62.13,,Handkerchiefs.,"CC, provided that, where non- originating materials of heading 50.07, 51.11 through
 51.13, 52.08 through 52.12, 53.09 through
 53.11, 54.07 through 54.08, 55.12 through 55.16 or chapter 60 are used, each of the non- originating materials is woven entirely in one or more of the
 Parties."
,62.14,,"Shawls, scarves, mufflers, mantillas, veils and the like.","CC, provided that, where non- originating materials of heading 50.07, 51.11 through
 51.13, 52.08 through 52.12, 53.09 through
 53.11, 54.07 through 54.08, 55.12 through 55.16 or chapter 60 are used, each of the non- originating materials is woven entirely in one or more of the
 Parties."
,62.15,,"Ties, bow ties and cravats.","CC, provided that, where non- originating materials of heading 50.07, 51.11 through"
,,,,
,,,,"51.13, 52.08 through 52.12, 53.09 through
 53.11, 54.07 through 54.08, 55.12 through 55.16 or chapter 60 are used, each of the non- originating materials is woven entirely in one or more of the
 Parties."
,62.16,6216,"Gloves, mittens and mitts.","CC, provided that, where non- originating materials of heading 50.07, 51.11 through
 51.13, 52.08 through 52.12, 53.09 through
 53.11, 54.07 through 54.08, 55.12 through 55.16 or chapter 60 are used, each of the non- originating materials is woven entirely in one or more of the
 Parties."
,,,,
,62.17,,"Other made up clothing accessories; parts of garments or of clothing accessories, other than those of heading 62.12.","CC, provided that, where non- originating materials of heading 50.07, 51.11 through
 51.13, 52.08 through 52.12, 53.09 through
 53.11, 54.07 through 54.08, 55.12 through 55.16 or chapter 60 are used, each of the non- originating materials is woven entirely in one or more of the
 Parties."
Chapter 63,,,"Other made up textile articles; sets; worn clothing and worn textile
 articles; rags",
,63.01,,Blankets and traveling rugs.,"CC, provided that, where non- originating materials of heading 50.07, 51.11 through
 51.13, 52.08 through 52.12, 53.09 through
 53.11, 54.07 through 54.08, 55.12 through 55.16 or chapter 60 are used, each of the non- originating materials is woven, or knitted or crocheted entirely in one or more of the Parties."
,63.02,,"Bed linen, table linen, toilet linen and kitchen linen.","CC, provided that, where"
,,,,
,,,,"non- originating materials of heading 50.07, 51.11 through
 51.13, 52.08 through 52.12, 53.09 through
 53.11, 54.07 through 54.08, 55.12 through 55.16 or chapter 60 are used, each of the non- originating materials is woven, or knitted or crocheted entirely in one or more of the Parties."
,63.03,,Curtains (including drapes) and interior blinds; curtain or bed valances.,"CC, provided that, where non- originating materials of heading 50.07, 51.11 through
 51.13, 52.08 through 52.12, 53.09 through
 53.11, 54.07 through 54.08, 55.12 through 55.16 or chapter 60 are used, each of the non- originating materials is woven, or knitted or crocheted entirely in one or more of the Parties."
,63.04,,"Other furnishing articles, excluding those of heading 94.04.","CC, provided that, where non- originating materials of"
,,,,
,,,,"heading 50.07, 51.11 through
 51.13, 52.08 through 52.12, 53.09 through
 53.11, 54.07 through 54.08, 55.12 through 55.16 or chapter 60 are used, each of the non- originating materials is woven, or knitted or crocheted entirely in one or more of the Parties."
,63.05,,"Sacks and bags, of a kind used for the packing of goods.","CC, provided that, where non- originating materials of heading 50.07, 51.11 through
 51.13, 52.08 through 52.12, 53.09 through
 53.11, 54.07 through 54.08, 55.12 through 55.16 or chapter 60 are used, each of the non- originating materials is woven, or knitted or crocheted entirely in one or more of the Parties."
,63.06,,"Tarpaulins, awnings and sunblinds; tents; sails for boats, sailboards or landcraft; camping goods.","CC, provided that, where non- originating materials of heading 50.07, 51.11 through
 51.13, 52.08"
,,,,
,,,,"through 52.12, 53.09 through
 53.11, 54.07 through 54.08, 55.12 through 55.16 or chapter 60 are used, each of the non- originating materials is woven, or knitted or crocheted entirely in one or more of the Parties."
,63.07,,"Other made up articles, including dress patterns.","CC, provided that, where non- originating materials of heading 50.07, 51.11 through
 51.13, 52.08 through 52.12, 53.09 through
 53.11, 54.07 through 54.08, 55.12 through 55.16 or chapter 60 are used, each of the non- originating materials is woven, or knitted or crocheted entirely in one or more of the Parties."
,63.08,6308,"Sets consisting of woven fabric and yarn, whether or not with accessories, for making up into rugs, tapestries,
 embroidered table cloths or serviettes, or similar textile articles, put up in packings for retail sale.","CC, provided that, where non-originati ng materials of heading 50.07, 51.11 through 51.13, 52.08 through
 52.12, 53.09 through 53.11, 54.07 through"
,,,,
,,,,"54.08, 55.12 through 55.16 or chapter 60 are used, each of the non- originating materials is woven, or knitted or crocheted entirely in one or more of the Parties."
,63.09,6309,Worn clothing and other worn articles.,WO
,63.1,,"Used or new rags, scrap twine, cordage, rope and cables and worn out articles of twine, cordage, rope or cables, of textile materials.",WO
"Section XII Footwear, headgear, umbrellas, sun umbrellas, walking-sticks, seat-sticks, whips, riding-crops and parts thereof; prepared feathers and articles made therewith; artificial flowers; articles of human hair (chapter 64-67)",,,,
Chapter 64,,,"Footwear, gaiters and the like; parts of such articles",CC
Chapter 65,,,Headgear and parts thereof,
,65.01,6501,"Hat-forms, hat bodies and hoods of felt, neither blocked to shape nor with made brims; plateaux and manchons (including slit manchons), of felt.",CC
,65.02,6502,"Hat-shapes, plaited or made by assembling strips of any material, neither blocked to shape, nor with made brims, nor lined, nor trimmed.",CC
,65.03,6503,"Felt hats and other felt headgear, made from the hat bodies, hoods or plateaux of heading 65.01, whether or not lined or trimmed.",CTH
,65.04,6504,"Hats and other headgear, plaited or made by assembling strips of any material, whether or not lined or trimmed.",CTH
,65.05,,"Hats and other headgear, knitted or crocheted, or made up from lace, felt or other textile fabric, in the piece (but not in strips), whether or not lined or trimmed; hair-nets of any material, whether or not lined or trimmed.",CTH
,65.06,,"Other headgear, whether or not lined or trimmed.",CTH
,65.07,6507,"Head-bands, linings, covers, hat foundations, hat frames, peaks and chinstraps, for head-gear.",CTH
,,,,
"Section XIII Articles of stone, plaster, cement, asbestos, mica or similar materials; ceramic products; glass and glassware (chapter 68-70)",,,,
Chapter 70,,,Glass and glassware,
,70.18,,"Glass beads, imitation pearls, imitation precious or semi-precious stones and similar glass smallwares, and articles thereof other than imitation jewellery; glass eyes other than prosthetic articles; statuettes and other ornaments of lamp-worked glass, other than imitation jewellery; glass microspheres not exceeding 1 mm in diameter.",
,,7018.1,"- Glass beads, imitation pearls, imitation precious or semi-precious stones and similar glass smallwares",CC
,,7018.9,"- Other
 Note: Other than glass beads, imitation pearls, imitation precious or semi-precious stones, similar glass smallwares and glass microspheres not exceeding 1 mm in diameter.",CC
"Section XIV Natural or cultured pearls, precious or semi-precious stones, precious metals, metals clad with precious metal, and articles thereof; imitation jewellery; coin (chapter 71)",,,,
Chapter 71,,,"Natural or cultured pearls, precious or semi-precious stones, precious metals, metals clad with precious metal, and articles thereof; imitation jewellery; coin",
,71.01,,"Pearls, natural or cultured, whether or not worked or graded but not strung, mounted or set; pearls, natural or cultured, temporarily strung for convenience of transport.",CC
,71.03,,"Precious stones (other than diamonds) and semi-precious stones, whether or not worked or graded but not strung, mounted or set; ungraded precious stones (other than diamonds) and semi-precious stones, temporarily strung for convenience of transport.",CC
,71.13,,"Articles of jewellery and parts thereof, of precious metal or of metal clad with precious metal.",CC
,71.14,,"Articles of goldsmiths' or
 silversmiths’ wares and parts thereof, of precious metal or of metal clad with precious metal.",CC
,71.15,,Other articles of precious metal or of metal clad with precious metal.,CC
,71.16,,"Articles of natural or cultured pearls,",CC
,,,,
,,,"precious or semi-precious stones (natural, synthetic or reconstructed).",
Section XV Base metals and articles of base metal (chapter 72-83),,,,
Chapter 72,,,Iron and steel,
,72.01,,"Pig iron and spiegeleisen in pigs, blocks or other primary forms.",RVC 40% or CC
,72.02,,Ferro-alloys.,RVC 40% or CC
,72.03,,"Ferrous products obtained by direct reduction of iron ore and other spongy ferrous products, in lumps, pellets or similar forms; iron having a minimum purity by weight of 99.94%, in lumps, pellets or similar forms.",RVC 40% or CC
,72.04,,Ferrous waste and scrap; remelting scrap ingots of iron or steel.,RVC 40% or CC
,72.05,,"Granules and powders, of pig iron, spiegeleisen, iron or steel.",RVC 40% or CC
,72.06,,Iron and non-alloy steel in ingots or other primary forms (excluding iron of heading 72.03).,RVC 40% or CC
,72.07,,Semi-finished products of iron or non-alloy steel.,RVC 40%
,72.08,,"Flat-rolled products of iron or non-alloy steel, of a width of 600 mm or more, hot-rolled, not clad, plated or coated.",RVC 40%
,72.09,,"Flat-rolled products of iron or non-alloy steel, of a width of 600 mm or more, cold-rolled (cold-reduced), not clad, plated or coated.",RVC 40% or CC
,72.1,,"Flat-rolled products of iron or non-alloy steel, of a width of 600 mm or more, clad, plated or coated.",RVC 40% or CC
,72.11,,"Flat-rolled products of iron or non-alloy steel, of a width of less than 600 mm, not clad, plated or coated.",RVC 40%
,72.12,,"Flat-rolled products of iron or non-alloy steel, of a width of less than 600 mm, clad, plated or coated.",RVC 40% or CC
,72.13,,"Bars and rods, hot-rolled, in irregularly wound coils, of iron or non-alloy steel.",RVC 40%
,72.14,,"Other bars and rods of iron or non-alloy steel, not further worked than forged, hot-rolled, hot-drawn or hot-extruded, but including those twisted after rolling.",RVC 40%
,72.15,,Other bars and rods of iron or non-alloy steel.,RVC 40%
,72.16,,"Angles, shapes and sections of iron or non-alloy steel.",RVC 40%
,72.17,,Wire of iron or non-alloy steel.,RVC 40% or CC
,72.18,,Stainless steel in ingots or other,RVC 40% or CC
,,,,
,,,primary forms; semi-finished products of stainless steel.,
,72.19,,"Flat-rolled products of stainless steel, of a width of 600 mm or more.",RVC 40% or CC
,72.2,,"Flat-rolled products of stainless steel, of a width of less than 600 mm.",RVC 40% or CC
,72.21,7221,"Bars and rods, hot-rolled, in irregularly wound coils, of stainless steel.",RVC 40% or CC
,72.22,,"Other bars and rods of stainless steel; angles, shapes and sections of stainless steel.",
,,,"-Bars and rods, not further worked than hot-rolled, hot-drawn or extruded:",
,,7222.11,-- Of circular cross-section,RVC 40% or CC
,,7222.19,-- Other,RVC 40% or CC
,,7222.3,- Other bars and rods,RVC 40% or CC
,,7222.4,"- Angles, shapes and sections",RVC 40% or CC
,72.25,,"Flat-rolled products of other alloy steel, of a width of 600 mm or more.",RVC 40% or CC
,72.26,,"Flat-rolled products of other alloy steel, of a width of less than 600 mm.",RVC 40% or CC
,72.27,,"Bars and rods, hot-rolled, in irregularly wound coils, of other alloy steel.",RVC 40% or CC
,72.28,,"Other bars and rods of other alloy steel; angles, shapes and sections, of other alloy steel; hollow drill bars and rods, of alloy or non-alloy steel.",RVC 40% or CC
,72.29,,Wire of other alloy steel.,RVC 40% or CC
Chapter 73,,,Articles of iron or steel,
,73.01,,"Sheet piling of iron or steel, whether or not drilled, punched or made from assembled elements; welded angles, shapes and sections, of iron or steel.",RVC 40%
,73.02,,"Railway or tramway track construction material of iron or steel, the following:rails, check-rails and rack rails, switch blades, crossing frogs, point rods and other crossing pieces, sleepers (cross-ties), fish-plates, chairs, chairs wedges, sole plates (base plates), rail clips, bedplates, ties and other material specialised for jointing or fixing rails.",RVC 40%
,73.03,7303,"Tubes, pipes and hollow profiles, of cast iron.",RVC 40%
,73.04,,"Tubes, pipes and hollow profiles, seamless, of iron (other than cast iron) or steel.",RVC 40%
,73.05,,"Other tubes and pipes (for example,",RVC 40%
,,,,
,,,"welded, riveted or similarly closed), having circular cross-sections, the external diameter of which exceeds 406.4 mm, of iron or steel.",
,73.06,,"Other tubes, pipes and hollow profiles (for example, open seam or welded, riveted or similarly closed), of iron or steel.",
,,7306.1,- Line pipe of a kind used for oil or gas pipelines,RVC 40%
,,7306.2,- Casing and tubing of a kind used in drilling for oil or gas,RVC 40%
,,7306.3,"- Other, welded, of circular cross-section, of iron or non-alloy steel",RVC 40%
,,7306.4,"- Other, welded, of circular cross-section, of stainless steel",RVC 40%
,,7306.5,"- Other, welded, of circular cross-section, of other alloy steel",RVC 40%
,,7306.6,"- Other, welded, of non-circular
 cross-section",RVC 40%
,,7306.9,- Other,"RVC 40% orCC except from heading 72.08, 72.09 or 72.11."
,73.07,,"Tube or pipe fittings (for example, couplings, elbows, sleeves), of iron or steel.",
,,,- Cast fittings:,
,,7307.11,-- Of non-malleable cast iron,RVC 40%
,,7307.19,-- Other,RVC 40%
,,,"- Other, of stainless steel:",
,,7307.21,-- Flanges,RVC 40%
,,7307.22,"-- Threaded elbows, bends and sleeves",RVC 40%
,,7307.23,-- Butt welding fittings,RVC 40%
,,7307.29,-- Other,RVC 40% or CC
,,,- Other:,
,,7307.91,-- Flanges,RVC 40%
,,7307.92,"-- Threaded elbows, bends and sleeves",RVC 40%
,,7307.93,-- Butt welding fittings,RVC 40%
,,7307.99,-- Other,RVC 40%
,73.08,,"Structures (excluding prefabricated buildings of heading 94.06) and parts of structures (for example, bridges and bridge-sections, lock-gates, towers, lattice masts, roofs, roofing frame-works, doors and windows and their frames and thresholds for doors, shutters, balustrades, pillars and columns), of iron or steel; plates, rods, angles, shapes, sections, tubes",
,,,,
,,,"and the like, prepared for use in structures, of iron or steel.",
,,7308.1,- Bridges and bridge-sections,RVC 40%
,,7308.2,- Towers and lattice masts,RVC 40%
,,7308.3,"- Doors, windows and their frames and thresholds for doors",RVC 40%
,,7308.4,"- Equipment for scaffolding, shuttering, propping or pitpropping",RVC 40%
,,7308.9,- Other,"RVC 40% or CTH except from heading 72.08 through 72.12, or 72.16."
,73.09,7309,"Reservoirs, tanks, vats and similar containers for any material (other than compressed or liquefied gas), of iron or steel, of a capacity exceeding 300 l, whether or not lined or heat-insulated, but not fitted with mechanical or thermal equipment.",RVC 40%
,73.1,,"Tanks, casks, drums, cans, boxes and similar containers, for any material (other than compressed or liquefied gas), of iron or steel, of a capacity not exceeding 300 l, whether or not lined or heat-insulated, but not fitted with mechanical or thermal equipment.",RVC 40%
,73.11,7311,"Containers for compressed or liquefied gas, of iron or steel.",RVC 40%
,73.12,,"Stranded wire, ropes, cables, plaited bands, slings and the like, of iron or steel, not electrically insulated.",RVC 40%
,73.13,7313,"Barbed wire of iron or steel; twisted hoop or single flat wire, barbed or not, and loosely twisted double wire, of a kind used for fencing, of iron or steel.",RVC 40%
,73.14,,"Cloth (including endless bands), grill, netting and fencing, of iron or steel wire; expanded metal of iron or steel.",RVC 40%
,73.15,,"Chain and parts thereof, of iron or steel.",
,,,- Articulated link chain and parts thereof:,
,,7315.11,-- Roller chain,RVC 40%
,,7315.12,-- Other chain,RVC 40%
,,7315.19,-- Parts,RVC 40%
,,7315.2,- Skid chain,RVC 40%
,,,- Other chain:,
,,7315.81,-- Stud-link,RVC 40%
,,7315.82,"-- Other, welded link",RVC 40%
,,7315.89,-- Other,RVC 40% or CC except from
,,,,
,,,,heading 72.13 through 72.17.
,,7315.9,- Other parts,RVC 40%
,73.16,7316,"Anchors, grapnels and parts thereof, of iron or steel.",RVC 40%
,73.17,7317,"Nails, tacks, drawing pins, corrugated nails, staples (other than those of heading 83.05) and similar articles, of iron or steel, whether or not with heads of other material, but excluding such articles with heads of copper.",RVC 40%
,73.18,,"Screws, bolts, nuts, coach screws, screw hooks, rivets, cotters, cotter-pins, washers (including spring washers) and similar articles, of iron or steel.",
,,,- Threaded articles:,
,,7318.11,-- Coach screws,RVC 40%
,,7318.12,-- Other wood screws,RVC 40%
,,7318.13,-- Screw hooks and screw rings,RVC 40%
,,7318.14,-- Self-tapping screws,RVC 40%
,,7318.15,"-- Other screws and bolts, whether or notwith their nuts or washers",RVC 40%
,,7318.16,-- Nuts,RVC 40%
,,7318.19,-- Other,RVC 40%
,,,- Non-threaded articles:,
,,7318.21,-- Spring washers and other lock washers,RVC 40%
,,7318.22,-- Other washers,RVC 40%
,,7318.23,-- Rivets,RVC 40%
,,7318.29,"-- Other
 Note: Other than spring washers and other lock washers, other washers, rivets, and cotters and cotter-pins.",RVC 40%
,73.19,,"Sewing needles, knitting needles, bodkins, crochet hooks, embroidery stilettos and similar articles, for use in the hand, of iron or steel; safety pins and other pins of iron or steel, not elsewhere specified or included.",RVC 40%
,73.2,,"Springs and leaves for springs, of iron or steel.",
,,7320.1,- Leaf-springs and leaves therefor,RVC 40%
,,7320.2,- Helical springs,RVC 40%
,,7320.9,- Other,RVC 40% or CC except from heading72.08 through 72.17.
,73.21,,"Stoves, ranges, grates, cookers
 (including those with subsidiary boilers for central heating), barbecues, braziers, gas-rings, plate",RVC 40%
,,,,
,,,"warmers and similar non-electric domestic appliances, and parts thereof, of iron or steel.",
,73.22,,"Radiators for central heating, not electrically heated, and parts thereof, of iron or steel; air heaters and hot air distributors (including distributors which can also distribute fresh or conditioned air), not electrically heated, incorporating a motor-driven fan or blower, and parts thereof, of iron or steel.",RVC 40% or CC
,73.23,,"Table, kitchen or other household articles and parts thereof, of iron or steel; iron or steel wool; pot scourers and scouring or polishing pads, gloves and the like, of iron or steel.",RVC 40%
,73.24,,"Sanitary ware and parts thereof, of iron or steel.",RVC 40%
,73.25,,Other cast articles of iron or steel.,RVC 40%
,73.26,,Other articles of iron or steel.,
,,,"- Forged or stamped, but not further worked:",
,,7326.11,-- Grinding balls and similar articles for mills,RVC 40%
,,7326.19,-- Other,RVC 40%
,,7326.2,- Articles of iron or steel wire:,RVC 40%
"Section XVI Machinery and mechanical appliances; electrical equipment; parts thereof; sound recorders and reproducers, television image and sound recorders and reproducers, and parts and accessories of such articles (chapter 84-85)",,,,
Chapter 84,,,"Nuclear reactors, boilers, machinery and mechanical appliances; parts thereof",
,84.07,,Spark-ignition reciprocating or rotary internal combustion piston engines.,
,,,- Reciprocating piston engines of a kind used for the propulsion of vehicles of Chapter 87:,
,,8407.31,-- Of a cylinder capacity not exceeding 50 cc,RVC 40%
,,8407.32,-- Of a cylinder capacity exceeding 50 cc but not exceeding 250 cc,RVC 40%
,,8407.33,"-- Of a cylinder capacity exceeding 250 cc but not exceeding 1,000 cc",RVC 40%
,,8407.34,"-- Of a cylinder capacity exceeding 1,000 cc",RVC 40%
,84.08,,Compression-ignition internal combustion piston engines (diesel or semi-diesel engines).,
,,8408.2,- Engines of a kind used for the propulsion of vehicles of Chapter 87,RVC 40%
,84.15,,"Airconditioning machines, comprising",
,,,,
,,,"a motor-driven fan and elements for changing the temperature and humidity, including those machines in which the humidity cannot be separately regulated.",
,,8415.2,"- Of a kind used for persons, in motor vehicles",RVC 40%
,84.73,,"Parts and accessories (other than covers, carrying cases and the like) suitable for use solely or principally with machines of headings 84.69 to 84.72.",
,,8473.3,- Parts and accessories of the machines of heading 84.71,RVC 40% or CTH except from heading 85.42.
Chapter 85,,,"Electrical machinery and equipment and parts thereof; sound recorders and reproducers, television image and sound recorders and reproducers, and parts and accessories of such articles",
,85.23,,"Prepared unrecorded media for sound recording or similar recording of other phenomena, other than products of
 Chapter 37.",
,,8523.9,"- Other
 Note: Other than magnetic tapes, magnetic discs and cards incorporating a magnetic stripe.",RVC 40% or CTH except from heading 85.42.
,85.28,,"Reception apparatus for television, whether or not incorporating radio-broadcast receivers or sound or video recording or reproducing apparatus; video monitors and video projectors.",
,,,"- Reception apparatus for television, whether or not incorporating radio- broadcast receivers or sound or video recording or reproducing apparatus:",
,,8528.12,-- Colour,RVC 40%
,85.42,,Electronic integrated circuits and microassemblies.,
,,8542.1,"- Cards incorporating an electronic integrated circuit (""smart"" cards)",RVC 40% or CTH except from heading 85.42.
,85.43,,"Electrical machines and apparatus, having individual functions, not specified or included elsewhere in this Chapter.",
,,,- Other machines and apparatus:,
,,8543.81,-- Proximity cards and tags,RVC 40% or CTH except from heading 85.42.
,,,,
,,8543.89,-- Other,RVC 40% or CTH except from heading 85.42.
,,8543.9,- Parts,RVC 40% or CTH except from heading 85.42.
"Section XVII Vehicles, aircraft, vessels and associated transport equipment (chapter 86-89)",,,,
Chapter 87,,,"Vehicles other than railway or tramway rolling-stock, and parts and
 accessories thereof",
,87.01,,Tractors (other than tractors of heading 87.09).,
,,8701.2,- Road tractors for semi-trailers,RVC 40%
,87.02,,"Motor vehicles for the transport of ten or more persons, including the driver.",RVC 40%
,87.03,,"Motor cars and other motor vehicles principally designed for the transport of persons (other than those of heading 87.02), including station wagons and racing cars.",RVC 40%
,87.04,,Motor vehicles for the transport of goods.,RVC 40%
,87.06,8706,"Chassis fitted with engines, for the motor vehicles of headings 87.01 to 87.05.",RVC 40%
,87.07,,"Bodies (including cabs), for the motor vehicles of headings 87.01 to 87.05.",RVC 40%
,87.08,,Parts and accessories of the motor vehicles of headings 87.01 to 87.05.,RVC 40%
,87.11,,"Motorcycles (including mopeds) and cycles fitted with an auxiliary motor, with or without side-cars; side-cars.",RVC 40%
,87.14,,Parts and accessories of vehicles of headings 87.11 to 87.13.,
,,,- Of motorcycles (including mopeds):,
,,8714.11,-- Saddles,RVC 40%
,,8714.19,-- Other,RVC 40%
,,,- Other,
,,8714.91,"-- Frames and forks, and parts thereof",RVC 40%
,,8714.92,-- Wheel rims and spokes,RVC 40%
"Section XVIII Optical, photographic, cinematographic, measuring, checking, precision, medical or surgical instruments and apparatus; clocks and watches; musical instruments; parts and accessories thereof (chapter 90-92)",,,,
Chapter 91,,,Clocks and watches and parts thereof,
,91.13,,"Watch straps, watch bands and watch bracelets, and parts thereof.",
,,9113.9,"-Other
 Note: Other than watch straps, watch bands and watch bracelets, and parts thereof, of precious metal or of metal clad with precious",CC
,,,,
,,,"metal,and of base metal, whether or not gold- or silver-plated.",
Section XX Miscellaneous manufactured articles (chapter 94-96),,,,
Chapter 94,,,"Furniture; bedding, mattresses, mattress supports, cushions and similar stuffed furnishings; lamps and lighting fittings, not elsewhere specified or
 included; illuminated signs, illuminated name-plates and the like; prefabricated buildings",
,94.01,,"Seats (other than those of heading 94.02), whether or not convertible into beds, and parts thereof.",
,,9401.1,- Seats of a kind used for aircraft,RVC 40% or CTSH
,,9401.2,- Seats of a kind used for motor vehicles,RVC 40% or CTSH
,,9401.3,"- Swivel seats with variable height
 adjustment",RVC 40% or CTSH
,,9401.4,"- Seats other than garden seats or camping equipment, convertible into beds",RVC 40% or CTSH
,,9401.5,"- Seats of cane, osier, bamboo or similar materials",RVC 40% or CTSH
,,,"- Other seats, with wooden frames:",
,,9401.61,-- Upholstered,RVC 40% or CTSH
,,9401.69,-- Other,RVC 40% or CTSH
,,,"- Other seats, with metal frames:",
,,9401.71,-- Upholstered,RVC 40% or CTSH
,,9401.79,-- Other,RVC 40% or CTSH
,,9401.8,- Other seats,RVC 40% or CTSH
,,9401.9,- Parts,CC
,94.02,,"Medical, surgical, dental or veterinary furniture (for example, operating tables, examination tables, hospital beds with mechanical fittings, dentists' chairs); barbers' chairs and similar chairs, having rotating as well as both reclining and elevating movements; parts of the foregoing articles.",RVC 40% or CTSH
,94.03,,Other furniture and parts thereof.,
,,9403.1,-Metal furniture of a kind used in offices,RVC 40% or CTSH
,,9403.2,- Other metal furniture,RVC 40% or CTSH
,,9403.6,- Other wooden furniture,RVC 40% or CTSH
,,9403.7,- Furniture of plastics,RVC 40% or CTSH
,,9403.8,"- Furniture of other materials, including cane, osier, bamboo or
 similar materials",RVC 40% or CTSH
,94.04,,"Mattress supports; articles of bedding and similar furnishing (for example,",
,,,"mattresses, quilts, eiderdowns, cushions, pouffes and pillows) fitted with springs or stuffed or internally fitted with any material or of cellular rubber or plastics, whether or not covered.",
,,,- Mattresses,
,,9404.21,"-- Of cellular rubber or plastics,
 whether or not covered",CC
,,9404.29,-- Of other materials,CC
,,9404.9,"- Other
 Note: Other than mattress supports, mattresses and sleeping bag.","CC, except from heading 50.07, 51.11 through 51.13, 52.08 through
 52.12, 53.09 through 53.11,
 54.07 through
 54.08, or
 55.12 through 55.16 for quilts and eiderdowns. CTH for any other good."
,94.06,9406,Prefabricated buildings.,RVC 40% or CTSH
Chapter 96,,,Miscellaneous manufactured articles,
,96.05,9605,"Travel sets for personal toilet, sewing or shoe or clothes cleaning.",CC
,96.08,,"Ball point pens; felt tipped and other porous-tipped pens and markers; fountain pens, stylograph pens and other pens; duplicating stylos; propelling or sliding pencils; pen-holders, pencil-holders and similar holders; parts (including caps and clips) of the foregoing articles, other than those of heading 96.09.",RVC 40% or CTSH
,96.09,,"Pencils (other than pencils of heading 96.08), crayons, pencil leads, pastels, drawing charcoals, writing or drawing chalks and tailors’ chalks.",RVC 40% or CTSH
,96.13,,"Cigarette lighters and other lighters, whether or not mechanical or electrical, and parts thereof other than flints and wicks.",
,,9613.1,"- Pocket lighters, gas fuelled,
 non-refillable",RVC 40% or CTSH
,,9613.2,"- Pocket lighters, gas fuelled,
 refillable",RVC 40% or CTSH
,,9613.8,- Other lighters,RVC 40% or CTSH